State / Union Territory,Latitude,Longitude
Uttar Pradesh,26.8467,80.9462
Maharashtra,19.7515,75.7139
Bihar,25.0961,85.3131
West Bengal,22.9868,87.855
Madhya Pradesh,22.9734,78.6569
Tamil Nadu,11.1271,78.6569
Rajasthan,27.0238,74.2179
Karnataka,15.3173,75.7139
Gujarat,22.2587,71.1924
Andhra Pradesh,15.9129,79.74
Odisha,20.9517,85.0985
Telengana,18.1124,79.0193
Kerala,10.8505,76.2711
Jharkhand,23.6102,85.2799
Assam,26.2006,92.9376
Punjab,31.1471,75.3412
Chhattisgarh,21.2787,81.8661
Haryana,29.0588,76.0856
Uttarakhand,30.0668,79.0193
Himachal Pradesh,31.1048,77.1734
Tripura,23.9408,91.9882
Meghalaya,25.467,91.3662
Manipur,24.6637,93.9063
Nagaland,26.1584,94.5624
Goa,15.2993,74.124
Arunachal Pradesh,28.218,94.7278
Mizoram,23.1645,92.9376
Sikkim,27.533,88.5122
Delhi,28.7041,77.1025
Jammu and Kashmir,33.7782,76.5762
Puducherry,11.9416,79.8083
Chandigarh,30.7333,76.7794
Dadra and Nagar Haveli and Daman and Diu,20.1809,73.0169
Andaman and Nicobar Islands,11.7401,92.6586
Ladakh,34.152588,77.577049
Lakshadweep,8.295441,73.048973
